phase,idx,qa_run,scene,u,src_path
core,22,a1b,carousel,0,F:\CODE\JianChanChan\src\ChanSight.Cli\bin\Debug\net8.0-windows10.0.22621.0\datasets\recordings\20260912_090902_977b2686\auto_00001358_20260912090949862.jpg
core,23,a1b,carousel,0,F:\CODE\JianChanChan\src\ChanSight.Cli\bin\Debug\net8.0-windows10.0.22621.0\datasets\recordings\20260912_090902_977b2686\auto_00001445_20260912090951905.jpg
core,24,a1b,carousel,0,F:\CODE\JianChanChan\src\ChanSight.Cli\bin\Debug\net8.0-windows10.0.22621.0\datasets\recordings\20260912_090902_977b2686\auto_00001543_20260912090953924.jpg
core,817,a1b,end,0,F:\CODE\JianChanChan\src\ChanSight.Cli\bin\Debug\net8.0-windows10.0.22621.0\datasets\recordings\20260912_090902_977b2686\auto_00076139_20260912093643784.jpg
core,818,a1b,end,0,F:\CODE\JianChanChan\src\ChanSight.Cli\bin\Debug\net8.0-windows10.0.22621.0\datasets\recordings\20260912_090902_977b2686\auto_00076189_20260912093645847.jpg
core,819,a1b,end,0,F:\CODE\JianChanChan\src\ChanSight.Cli\bin\Debug\net8.0-windows10.0.22621.0\datasets\recordings\20260912_090902_977b2686\auto_00076289_20260912093647905.jpg
core,820,a1b,end,0,F:\CODE\JianChanChan\src\ChanSight.Cli\bin\Debug\net8.0-windows10.0.22621.0\datasets\recordings\20260912_090902_977b2686\auto_00076387_20260912093649918.jpg
core,205,a1b,combat,16,F:\CODE\JianChanChan\src\ChanSight.Cli\bin\Debug\net8.0-windows10.0.22621.0\datasets\recordings\20260912_090902_977b2686\auto_00018893_20260912091601546.jpg
core,249,a1b,combat,16,F:\CODE\JianChanChan\src\ChanSight.Cli\bin\Debug\net8.0-windows10.0.22621.0\datasets\recordings\20260912_090902_977b2686\auto_00023186_20260912091730801.jpg
core,483,a1b,combat,18,F:\CODE\JianChanChan\src\ChanSight.Cli\bin\Debug\net8.0-windows10.0.22621.0\datasets\recordings\20260912_090902_977b2686\auto_00045190_20260912092525532.jpg
core,511,a1b,combat,16,F:\CODE\JianChanChan\src\ChanSight.Cli\bin\Debug\net8.0-windows10.0.22621.0\datasets\recordings\20260912_090902_977b2686\auto_00047836_20260912092622422.jpg
core,541,a1b,combat,16,F:\CODE\JianChanChan\src\ChanSight.Cli\bin\Debug\net8.0-windows10.0.22621.0\datasets\recordings\20260912_090902_977b2686\auto_00050692_20260912092723231.jpg
core,571,a1b,combat,18,F:\CODE\JianChanChan\src\ChanSight.Cli\bin\Debug\net8.0-windows10.0.22621.0\datasets\recordings\20260912_090902_977b2686\auto_00053509_20260912092824053.jpg
core,127,a1b,shop_bench,0,F:\CODE\JianChanChan\src\ChanSight.Cli\bin\Debug\net8.0-windows10.0.22621.0\datasets\recordings\20260912_090902_977b2686\auto_00011410_20260912091322831.jpg
core,143,a1b,shop_bench,11,F:\CODE\JianChanChan\src\ChanSight.Cli\bin\Debug\net8.0-windows10.0.22621.0\datasets\recordings\20260912_090902_977b2686\auto_00012945_20260912091355387.jpg
core,174,a1b,shop_bench,15,F:\CODE\JianChanChan\src\ChanSight.Cli\bin\Debug\net8.0-windows10.0.22621.0\datasets\recordings\20260912_090902_977b2686\auto_00015945_20260912091458202.jpg
core,230,a1b,shop_bench,16,F:\CODE\JianChanChan\src\ChanSight.Cli\bin\Debug\net8.0-windows10.0.22621.0\datasets\recordings\20260912_090902_977b2686\auto_00021341_20260912091652348.jpg
core,52,a1b,combat,9,F:\CODE\JianChanChan\src\ChanSight.Cli\bin\Debug\net8.0-windows10.0.22621.0\datasets\recordings\20260912_090902_977b2686\auto_00004264_20260912091050670.jpg
core,100,a1b,combat,9,F:\CODE\JianChanChan\src\ChanSight.Cli\bin\Debug\net8.0-windows10.0.22621.0\datasets\recordings\20260912_090902_977b2686\auto_00008880_20260912091227932.jpg
core,282,a1b,combat,9,F:\CODE\JianChanChan\src\ChanSight.Cli\bin\Debug\net8.0-windows10.0.22621.0\datasets\recordings\20260912_090902_977b2686\auto_00026421_20260912091837721.jpg
core,419,a1b,combat,12,F:\CODE\JianChanChan\src\ChanSight.Cli\bin\Debug\net8.0-windows10.0.22621.0\datasets\recordings\20260912_090902_977b2686\auto_00039238_20260912092315302.jpg
core,307,a1,combat,8,F:\CODE\JianChanChan\src\ChanSight.Cli\bin\Debug\net8.0-windows10.0.22621.0\datasets\recordings\20260912_054806_0e08907e\frame_00000059.png
core,340,a1,combat,8,F:\CODE\JianChanChan\src\ChanSight.Cli\bin\Debug\net8.0-windows10.0.22621.0\datasets\recordings\20260912_054806_0e08907e\frame_00000092.png
core,475,a1,combat,11,F:\CODE\JianChanChan\src\ChanSight.Cli\bin\Debug\net8.0-windows10.0.22621.0\datasets\recordings\20260912_054806_0e08907e\frame_00000227.png
core,509,a1,combat,12,F:\CODE\JianChanChan\src\ChanSight.Cli\bin\Debug\net8.0-windows10.0.22621.0\datasets\recordings\20260912_054806_0e08907e\frame_00000261.png